epoch,acc,loss,val_acc,val_loss
0,0.6302083,0.023079916909561387,0.84375,0.010366767673379703
1,0.7864583,0.010774063696468753,0.7291667,0.009001854682234503
2,0.8541667,0.008841228244818922,0.8125,0.0055420719002844026
